{"maxUCT-EBC": {"max": [[-4.77671034191279, 0.010965740781639125], [-39.462, 4.014543062416942]], "pair": [[-4.779680775400852, 0.00269743306969615], [-39.564, 3.679389079725057]], "max_estim": [[-4.757839113830146, 0.01207155903673568], [-38.938, 5.727316649182233]], "pair_estim": [[-4.765465671270136, 0.019527080086638345], [-39.318, 4.46372893442243]]}, "maxUCT-UCB": {"0.1": [[-5.759878346101544, 0.010463634347377937], [-38.874, 5.771492354668765]], "1.0": [[-5.656899013765394, 0.0342456043118643], [-38.188, 7.485229188207933]], "10.0": [[-5.24407971153483, 0.013052599137644307], [-38.564, 6.621321922395859]], "100.0": [[-4.7945628329669985, 0.0031776835667176764], [-37.942, 7.9828964668220515]]}, "UCT-EBC": {"expanded": {"max": [[-13.84343813357988, 0.06754227798893829], [-39.66, 3.213160437948905]], "pair": [[-13.780434316848735, 0.05423218715731007], [-39.536, 3.6382281401803267]]}, "simple": {"max": [[-33.937926240180694, 0.0637076914309156], [-39.572, 3.617846873487047]], "pair": [[-33.93762545697631, 0.015691194451120757], [-39.364, 4.520122122244044]]}}, "UCT-UCB": {"expanded": {"0.1": [[-10.631678275412218, 0.12566407746304695], [-39.682, 3.190748501527502]], "1.0": [[-11.223059732448608, 0.0651621271861721], [-38.618, 6.494619003452011]], "10.0": [[-11.8895481580401, 0.09962410366222185], [-39.86, 1.82]], "100.0": [[-12.98518375982588, 0.14043009897849562], [-39.748, 2.53150074066748]]}, "simple": {"0.1": [[-19.643389299640713, 0.6314478984314882], [-36.532, 9.005830111655449]], "1.0": [[-21.45360589839508, 0.41468537807635436], [-15.288, 9.982637727574811]], "10.0": [[-26.85905662948688, 0.8952558697303168], [-14.738, 10.418894183165506]], "100.0": [[-34.004213236417584, 0.06421644273399152], [-37.606, 8.228898103634533]]}}}