{"maxUCT-EBC": {"max": [[-10.803248991949522, 0.29667945460476425], [-90.52625, 25.20774431474383]], "pair": [[-10.88141273222983, 0.16397115290733724], [-90.522, 25.530376828397973]], "max_estim": [[-5.50190408707003, 0.2055820758465912], [-100.204, 29.629881606243384]], "pair_estim": [[-3.4669197602992434, 0.36454226258682687], [-89.282, 27.817635611244892]]}, "maxUCT-UCB": {"0.1": [[-59.557208465410014, 2.48923610260099], [-66.39075, 11.845938204190498]], "1.0": [[-55.7796356108245, 2.7620269185278388], [-63.37975, 11.0373503359049]], "10.0": [[-37.91326414915694, 1.3440674620518782], [-58.77225, 12.559481177082914]], "100.0": [[-4.9762052463201885, 0.24597760545959546], [-54.41175, 10.159239609217808]]}, "UCT-EBC": {"expanded": {"max": [[-66.20492856002265, 0.1838238444458332], [-69.4615, 16.19800968483474]], "pair": [[-66.22683550316022, 0.16130133378607228], [-67.84375, 11.276658345338836]]}, "simple": {"max": [[-62.531362859248496, 0.7329443748412032], [-65.636, 9.246918621897784]], "pair": [[-62.58442389759252, 0.8404085622356551], [-66.08525, 9.035481168012028]]}}, "UCT-UCB": {"expanded": {"0.1": [[-64.27978213169588, 0.8422395262705334], [-67.0185, 11.939531303614894]], "1.0": [[-62.27262823979235, 1.312286607915095], [-61.96975, 9.460821710480543]], "10.0": [[-62.08213594828973, 0.6543741102175966], [-59.11175, 9.535523029047752]], "100.0": [[-68.04014414757243, 0.14864957286396013], [-66.3055, 8.851796131294485]]}, "simple": {"0.1": [[-63.42916435499248, 2.5772938849512923], [-66.076, 8.601873284349171]], "1.0": [[-62.57708630766755, 2.5150552555477605], [-66.462, 8.803099226976826]], "10.0": [[-60.88037792557333, 0.4656702867605653], [-66.11775, 9.006994362022217]], "100.0": [[-61.82680923171202, 0.45861517349144665], [-66.718, 8.647686164518229]]}}}