{"maxUCT-EBC": {"max": [[-10.654582522026605, 0.20996168332446496], [-38.902, 2.945572270374638]], "pair": [[-11.17411290344291, 0.06011723980542342], [-15.776, 12.048478078164063]], "max_estim": [[-11.14166490819884, 0.4153495208687888], [-35.236, 7.314663628629822]], "pair_estim": [[-11.166853438749428, 0.054742131242958826], [-11.2, 5.878775382679628]]}, "maxUCT-UCB": {"0.1": [[-11.216456599220567, 0.3837316502662277], [-37.058, 8.230834465593388]], "1.0": [[-11.015219757903202, 0.053874474659847724], [-11.02, 5.436874101908191]], "10.0": [[-11.011815344725393, 0.05320506670295651], [-11.2, 5.878775382679628]], "100.0": [[-10.509972776517612, 0.7651647402688238], [-10.96, 5.28]]}, "UCT-EBC": {"expanded": {"max": [[-31.496821319043597, 0.11869790596223921], [-27.31, 15.86650245013059]], "pair": [[-36.852407340799346, 0.10332885847265852], [-36.884, 10.425859389038392]]}, "simple": {"max": [[-20.506190863789016, 0.0019591587475087614], [-40.0, 0.0]], "pair": [[-20.502324397212735, 9.046407287681884e-05], [-40.0, 0.0]]}}, "UCT-UCB": {"expanded": {"0.1": [[-16.1373481572636, 0.7065316441534419], [-37.034, 7.482034749986129]], "1.0": [[-15.693593708829162, 0.9048527737373958], [-16.002, 7.868544719323898]], "10.0": [[-19.51765624055095, 1.8491297295222935], [-19.44, 12.468295793732196]], "100.0": [[-34.175251745224486, 0.30095873827617803], [-30.352, 15.945033584160305]]}, "simple": {"0.1": [[-20.501219728046753, 6.787526123589004e-05], [-39.272, 4.197382041225221]], "1.0": [[-20.501299077312062, 5.935797747931009e-05], [-40.0, 0.0]], "10.0": [[-20.502764517170604, 0.0007084438198347177], [-40.0, 0.0]], "100.0": [[-20.77758855022139, 0.31288034865802783], [-40.0, 0.0]]}}}