{"maxUCT-EBC": {"max": [[0.24774460919370186, 0.01548735150988014], [-0.59108185048, 0.7582624529130552]], "pair": [[0.8863105827680734, 0.10012423052276735], [0.07631409368000004, 0.9054127797435907]], "max_estim": [[0.2672572537680048, 0.02332195832778405], [-0.8538906147199999, 0.8297275118593814]], "pair_estim": [[0.2987689655969883, 0.01749605109746707], [-0.5932552960799999, 0.6958720532952128]]}, "maxUCT-UCB": {"0.1": [[1.5932157434949625, 0.2770269326705994], [-0.6323518664, 0.9619112225348291]], "1.0": [[0.2624090567452429, 0.006014672769113278], [-0.09539614135999999, 0.3321248748400736]], "10.0": [[0.27249912931926273, 0.00396445313273327], [0.12390397096000003, 0.8723134020043496]], "100.0": [[0.30078214384781504, 0.05779841111055941], [0.13977362280000002, 0.8362723390969331]]}, "UCT-EBC": {"expanded": {"max": [[-0.010369121967585047, 0.002910059818491896], [0.0, 0.0]], "pair": [[0.280219247319755, 0.018626357060604226], [-0.03063663103999996, 1.0727205419938652]]}, "simple": {"max": [[-5.488841882882908e-05, 5.410332483385612e-05], [0.0, 0.0]], "pair": [[1.034970138834401, 0.1174989967862868], [0.23103450943999998, 1.2868979526077566]]}}, "UCT-UCB": {"expanded": {"0.1": [[1.0725654901839021, 0.2224023085433318], [-0.81221327568, 1.1536607404489778]], "1.0": [[0.03460456111420775, 0.008324419229166755], [-0.11408681575999999, 0.48438812563039246]], "10.0": [[-0.3051171475860279, 0.0039015151141683236], [0.0, 0.0]], "100.0": [[-0.3676058533912745, 0.009744464330864145], [0.0, 0.0]]}, "simple": {"0.1": [[0.5260536428399735, 0.6442933317667394], [-0.47118750375999996, 0.8983270438150336]], "1.0": [[1.7189402558083373, 0.07466296751686845], [1.8476473074399997, 1.3805583926804141]], "10.0": [[-0.037901283964791616, 0.0010580583656313132], [0.0, 0.0]], "100.0": [[-0.643055210448091, 0.006643500092214999], [0.0, 0.0]]}}}