{"maxUCT-EBC": {"max": [[62.1828751585254, 1.9968345032376391], [58.74113298580002, 13.461808187799543]], "pair": [[52.936230254095136, 2.7562010286952905], [49.93611536280001, 17.392048315787637]], "max_estim": [[64.37389542132743, 1.491742044500265], [60.84228178380002, 12.98914944113131]], "pair_estim": [[57.783552816758004, 1.665789486973901], [54.86819486100001, 15.496177981593814]]}, "maxUCT-UCB": {"0.1": [[58.656244401534444, 1.9115067833963193], [55.17959876040002, 16.29746465976016]], "1.0": [[59.208212617715475, 2.599123750632546], [56.456100065400015, 15.579452947701325]], "10.0": [[62.53648540485357, 1.8909016051390184], [58.76572207280002, 13.443276338840418]], "100.0": [[61.41319410629132, 2.851924305688295], [58.93159814900002, 10.894068299164738]]}, "UCT-EBC": {"expanded": {"max": [[61.195131525100784, 2.53268704499012], [61.74684209840002, 11.746215219696523]], "pair": [[55.542338951251814, 2.6115738195848563], [55.489677147400016, 14.098405014236409]]}, "simple": {"max": [[63.3398467659161, 1.4774472524747402], [64.85073138480003, 10.380507246000029]], "pair": [[57.95006293667207, 4.511655553158696], [61.359848220400025, 12.290949656001573]]}}, "UCT-UCB": {"expanded": {"0.1": [[52.33451260587438, 2.064436501299501], [44.20873063060001, 17.393252072919996]], "1.0": [[53.06931628142352, 3.069242058774422], [52.99099749820002, 14.638571417316003]], "10.0": [[61.131509545143174, 1.3561669455052388], [62.60187310280002, 11.580276999565719]], "100.0": [[50.59357321666872, 0.3111383822794129], [64.81080652280002, 10.315249197169903]]}, "simple": {"0.1": [[56.53341599154602, 5.00910005705912], [57.146490690000014, 14.95608263681827]], "1.0": [[53.741460027733794, 4.500548472424389], [56.84807205640002, 16.966571788925744]], "10.0": [[61.62412075646499, 1.0563041349390638], [63.39744714320002, 12.230271559054243]], "100.0": [[62.905893251231056, 0.34989507996491526], [65.05334441640002, 8.99923178254207]]}}}