{"maxUCT-EBC": {"max": [[190.7816862070303, 1.4117584088234114], [212.57, 32.95494424210121]], "pair": [[191.156758144575, 0.97132624123212], [214.2175, 30.647941509178068]], "max_estim": [[190.98980655894817, 1.0463977053138063], [210.324, 32.10624197878039]], "pair_estim": [[190.41338565566056, 0.977058265934031], [211.9845, 33.37650947522823]]}, "maxUCT-UCB": {"0.1": [[189.29082546430982, 0.6483398636340336], [211.6415, 30.602873276050403]], "1.0": [[189.4688662876023, 1.12985153067094], [212.8765, 31.963430240667222]], "10.0": [[189.34559827706465, 0.5419578112338257], [212.682, 32.722925847179376]], "100.0": [[185.1695488701221, 0.9802436377785925], [218.334, 34.454033784159435]]}, "UCT-EBC": {"expanded": {"max": [[264.9995117378689, 0.2267190643915343], [222.8805, 37.13353396527187]], "pair": [[265.51649923247743, 0.6625392797168035], [225.476, 35.21306467775845]]}, "simple": {"max": [[188.1882717225777, 0.15962022076286123], [323.313, 37.676133440150146]], "pair": [[188.6783280007351, 0.9324305982434017], [323.0755, 41.32276218683838]]}}, "UCT-UCB": {"expanded": {"0.1": [[262.82159358493846, 0.6558247254506611], [224.156, 34.31643795617488]], "1.0": [[263.03914781782976, 0.4349220058137899], [226.3535, 34.52897931810322]], "10.0": [[264.7632673161577, 0.3624699462189603], [219.6395, 37.586462519769]], "100.0": [[263.0714354585647, 0.40612289102712085], [227.0925, 36.66214080969632]]}, "simple": {"0.1": [[195.29748964760293, 6.384199419957548], [270.4205, 36.87561938123888]], "1.0": [[198.65626869959593, 7.383558505604637], [275.151, 41.78113448675131]], "10.0": [[190.59768204625212, 2.318614491657588], [305.022, 38.55134259659448]], "100.0": [[194.2356419609795, 0.4828008247345219], [319.4545, 42.95889377940265]]}}}